Time(s),Temperature(C),Vibration(mm/s)
0.0,24.811624976074082,-0.06529324338047125
0.10101010101010101,25.2507545400094,0.21400448417902979
0.20202020202020202,26.037103603181546,0.34878024700001364
0.30303030303030304,26.850198279236388,0.5141556038453089
0.40404040404040403,26.714095933402806,0.6055887689087094
0.5050505050505051,27.631582027460638,0.9261645056320164
0.6060606060606061,28.449885417758637,0.9665601549863722
0.7070707070707071,28.41644390967568,1.032682268831941
0.8080808080808081,27.615852737304284,1.040754993795795
0.9090909090909091,29.36523883854539,1.1379249450710127
1.0101010101010102,28.859473968345206,0.8072655157364474
1.1111111111111112,28.913276608690932,0.7328674392160902
1.2121212121212122,30.4661529622811,0.6416280375186821
1.3131313131313131,30.3566234406942,0.4232963851268818
1.4141414141414141,30.33645804158988,0.4418428268130706
1.5151515151515151,29.641978566859564,0.17779312392707294
1.6161616161616161,30.377680210667545,0.16327637934057082
1.7171717171717171,30.14327026690891,0.33318652892924133
1.8181818181818181,30.31465406033203,0.4660801579730871
1.9191919191919191,28.972231775819974,0.6594472968041175
2.0202020202020203,29.759729389073463,0.8089119047288613
2.121212121212121,29.568266842359638,0.8953520287602615
2.2222222222222223,29.326813756281243,1.0282824854670587
2.323232323232323,28.347221540230027,0.905615950424978
2.4242424242424243,28.70537595355303,1.033209674884605
2.525252525252525,28.036254211432265,1.0338733206301787
2.6262626262626263,27.818766914390192,0.7916157855640567
2.727272727272727,26.03697775966273,0.8240697925259837
2.8282828282828283,27.582732126543117,0.5279925288008114
2.929292929292929,26.034093917403148,0.4937326243876971
3.0303030303030303,25.316395252068986,0.22345872779208875
3.131313131313131,25.58304515219955,0.12248289909191792
3.2323232323232323,24.07314640857286,0.1729093329026178
3.3333333333333335,23.78029172349029,0.49448823269502645
3.4343434343434343,23.61384620009208,0.47762879472217445
3.5353535353535355,22.97871806873969,0.8487268707531733
3.6363636363636362,21.992384577533425,0.8168957962416139
3.7373737373737375,21.941317687594527,0.8536646800740264
3.8383838383838382,21.49403626033988,0.8742885181010868
3.9393939393939394,21.743816428128948,0.9702316539935933
4.040404040404041,21.57367748765145,1.0714128179488316
4.141414141414141,20.92346351658783,0.8101535876904802
4.242424242424242,20.729611613015756,0.7176722195150232
4.343434343434343,20.050219002411595,0.8480188151434422
4.444444444444445,20.33475196585515,0.4897094375484246
4.545454545454545,20.041027022179357,0.5425493967872599
4.646464646464646,20.348774571183927,-0.011455022843429086
4.747474747474747,20.046684847493623,0.08443954850398254
4.848484848484849,19.60885037976442,0.11167464480991077
4.94949494949495,20.321901512475122,0.5570030487722921
5.05050505050505,20.480786932755414,0.5248197751692367
5.151515151515151,20.667900745926225,0.7045104653405375
5.252525252525253,20.099115768564133,0.8992353569522866
5.353535353535354,21.169685658743397,0.9875326981435222
5.454545454545454,22.019099029277204,0.7574913265782236
5.555555555555555,21.612036247011428,0.991879919493139
5.656565656565657,22.146206677349355,0.7515663021378187
5.757575757575758,22.82797586455493,0.797682984244924
5.858585858585858,21.99771892456427,0.6710137868705
5.959595959595959,22.69127075180251,0.503432652327649
6.0606060606060606,22.708060084636024,0.39595251031529677
6.161616161616162,24.291580944195495,0.25062852428798127
6.262626262626262,25.621915823246347,0.06520816765407107
6.363636363636363,25.23270002475777,0.021993471168405915
6.4646464646464645,25.490934992226823,0.3852012488140447
6.565656565656566,27.41235494511456,0.5874642058781647
6.666666666666667,25.981715388063,0.5811833227575723
6.767676767676767,27.96984718362542,0.7722680424317773
6.8686868686868685,27.72106568707057,0.7496360643698958
6.96969696969697,28.270062973016422,0.9074641243984698
7.070707070707071,29.0264284685297,0.9404355143074595
7.171717171717171,28.36040593703893,1.1546880395354002
7.2727272727272725,28.864292576712813,0.975057152696664
7.373737373737374,29.346503407875705,0.7644782645177153
7.474747474747475,30.157278361688775,0.34618084550006334
7.575757575757575,30.087595790187066,0.4426681404820781
7.6767676767676765,29.36321306530816,0.41359857816310197
7.777777777777778,30.159746703144886,0.20858016938356844
7.878787878787879,29.284213835757015,-0.019187462730702716
7.979797979797979,29.725648270720303,0.25387887887481125
8.080808080808081,30.402503946546187,0.48838681954197005
8.181818181818182,30.064588084185974,0.5161161630540263
8.282828282828282,28.63380210580647,0.8868678865471884
8.383838383838384,28.11022911161913,0.9788114095035942
8.484848484848484,29.10766691967345,1.1308323545283652
8.585858585858587,29.133475177932997,0.9872394352711772
8.686868686868687,28.503554654003185,0.988736393836502
8.787878787878787,28.069299595031907,0.8031989824359106
8.88888888888889,28.031118097674028,0.8567701496529878
8.98989898989899,27.272709793356793,0.7197092967509723
9.09090909090909,26.12416857236035,0.681718345106475
9.191919191919192,26.611603857901464,0.5095628873663982
9.292929292929292,25.342441126050147,0.35235960314077164
9.393939393939394,24.677732630750786,0.13664222700496959
9.494949494949495,24.39416132366374,0.15001600705471468
9.595959595959595,23.815042962786766,0.29664703640513956
9.696969696969697,23.175169288900737,0.4558880922720037
9.797979797979798,22.21899069050739,0.7281086509169238
9.8989898989899,22.397915741153053,0.702565733222324
10.0,22.405899262390783,0.8780626454683946
